wallsMaterial;floorNumber;floorsTotal;totalArea;kitchenArea;latitude;longitude;price
monolith;2;12;84;2016;43.215617;76.903074;377 536
monolith;3;10;124.2;2016;43.215617;76.903074;281 804
monolith;3;10;124.2;2016;43.215617;76.903074;281 804
block;6;9;58;2005;43.214362;76.854151;293 104
block;8;9;58.6;2005;43.21287;76.854358;281 570
block;7;9;58.6;2005;43.21287;76.854349;319 113
block;2;5;40.8;2006;43.36206;76.992088;210 785
block;9;12;56.2;2015;43.223474;76.89498;291 799
block;6;12;51.9;2015;43.223297;76.894315;325 000
block;9;21;83.6;2012;43.247349;76.869629;256 705
block;1;4;34.8;2013;43.278841;76.826618;258 621
block;2;5;50.3;2015;43.332781;76.948322;220 000
block;8;17;33.3;2009;43.206773;76.885009;450 451
block;5;5;35.2;2015;43.333732;76.948879;220 000
block;3;12;61.3;2015;43.204354;76.871309;288 000
block;8;12;69.8;2015;43.203152;76.871767;288 000
block;9;12;41.8;2015;43.223297;76.894315;320 000
block;15;18;73.5;2011;43.245399;76.876942;249 143
block;11;12;51.2;2015;43.223474;76.894971;320 000
block;1;5;52;2015;43.20536;76.858418;220 000
block;4;5;59.1;2011;43.279288;76.820231;232 657
block;6;12;55.2;2015;43.223297;76.894315;335 000
block;12;12;55.6;2015;43.223474;76.894971;323 742
block;1;17;66.1;2014;43.21241;76.844459;316 188
block;12;12;85;2015;43.223474;76.894971;313 648
block;1;9;36;2015;43.266737;76.892527;230 000
block;1;9;34.4;2015;43.26639;76.892483;230 000
block;11;12;51.9;2015;43.223297;76.894315;320 000
block;1;5;52.1;2015;43.333725;76.94887;220 000
block;10;12;41.7;2015;43.223297;76.894315;323 837
block;5;5;33.9;2015;43.333384;76.948654;220 000
block;9;12;40.9;2015;43.223474;76.894971;320 000
block;12;21;64.6;2011;43.247237;76.868426;247 679
block;4;9;67.5;2011;43.249956;76.895393;230 000
block;9;9;71.8;2011;43.249956;76.895393;239 611
block;12;12;82.7;2015;43.204137;76.872118;280 000
block;8;9;108.7;2011;43.268825;76.962919;363 202
block;3;9;55.8;2015;43.26639;76.892483;230 000
block;8;12;59.9;2015;43.203152;76.871767;286 692
block;2;6;37.6;2013;43.300431;76.835404;159 575
block;17;2;110.7;2013;43.212108;76.843093;289 070
block;2;9;56.4;2005;43.265352;76.89993;230 497
block;9;17;68.5;2016;43.213777;76.872531;300 000
block;7;9;76.2;2015;43.266737;76.892527;230 000
block;5;17;46.1;2016;43.213777;76.872531;300 000
block;5;21;118.1;2011;43.247237;76.868426;241 731
block;3;10;52.3;2007;43.225537;76.890237;286 807
block;8;9;75.2;2015;43.26639;76.892483;230 000
block;4;12;80.5;2015;43.203631;76.872297;167 702
block;3;9;51;2011;43.249956;76.895393;319 608
block;7;9;78.1;2015;43.26639;76.892483;230 001
block;10;17;46.6;2016;43.213777;76.87254;300 000
block;3;6;95.1;2011;43.19376;76.909389;440 589
block;3;16;71.4;2013;43.207219;76.885808;376 751
block;1;9;79.7;2014;43.266028;76.892141;181 933
block;9;12;133.5;2015;43.204354;76.8713;248 664
block;15;17;69.1;2016;43.213777;76.872531;280 000
block;6;6;112.7;2012;43.225872;76.843866;230 701
block;6;10;37.8;2017;43.265884;76.961374;340 353
block;9;12;35.5;2015;43.270565;76.839715;338 029
block;11;12;75.4;2013;43.243527;76.853406;305 040
block;12;17;46.5;2016;43.213777;76.872531;300 000
block;2;9;56.4;2006;43.214723;76.849049;342 199
block;8;17;72.4;2015;43.236408;76.892698;310 000
block;5;17;87.3;2015;43.235948;76.89277;330 000
block;8;9;79.9;2005;43.21287;76.854349;285 357
block;13;17;68.8;2016;43.213777;76.872531;300 000
block;2;17;89.7;2015;43.235935;76.892752;310 000
block;13;17;114.1;2013;43.212246;76.843839;236 635
block;15;17;82.1;2009;43.206773;76.885;356 882
block;7;13;50.4;2015;43.273105;76.929403;360 000
block;7;10;37.8;2017;43.265904;76.961356;410 053
block;6;9;119.2;2014;43.225412;76.954691;412 408
block;11;13;53.1;2015;43.261335;76.930894;357 816
block;9;10;42.8;2017;43.265884;76.961374;327 103
block;6;13;47.2;2015;43.261335;76.930894;370 000
block;2;3;44.1;2012;43.287262;76.923187;256 236
block;15;17;75.1;2015;43.235948;76.89277;310 000
block;2;6;32.9;2013;43.300431;76.835404;221 885
block;5;17;84.5;2016;43.213777;76.87254;307 338
block;4;5;33.4;2013;43.200576;76.880041;314 372
block;2;9;78.1;2006;43.226667;76.845204;313 701
block;2;9;78.1;2006;43.226667;76.845204;313 701
block;2;4;68;2015;43.279563;76.826726;185 000
block;3;4;47;2015;43.279563;76.826726;185 000
block;5;7;38.5;2007;43.360454;76.994334;246 754
block;3;4;46.9;2015;43.279563;76.826726;184 606
block;2;4;46.9;2015;43.279563;76.826726;185 000
block;2;4;88.8;2015;43.26981;76.820797;185 000
block;1;4;46.8;2015;43.279563;76.826726;185 000
block;1;4;88.8;2015;43.279563;76.826726;185 000
block;1;7;62.8;2007;43.360454;76.994334;207 007
block;3;5;44.3;2013;43.200576;76.880041;329 572
block;1;4;84.6;2014;43.279419;76.825989;186 762
block;5;5;67.8;2013;43.28041;76.824112;169 617
block;7;9;72.8;2006;43.239508;76.824309;219 781
block;5;5;63.9;2008;43.356324;76.91918;179 969
block;7;9;94.7;2007;43.362486;76.993714;186 907
block;1;5;35.7;2011;43.278467;76.82068;224 090
block;3;4;69.5;2013;43.276879;76.818273;210 072
block;2;9;55.4;2006;43.239803;76.824507;285 199
block;3;5;35.9;2012;43.356305;76.920339;194 987
block;3;5;39.4;2008;43.357367;76.924148;203 046
block;4;5;67.9;2013;43.28041;76.824112;220 914
block;5;16;48.2;2016;43.269015;76.946974;313 500
block;3;16;48.9;2016;43.269015;76.946974;313 500
block;7;9;73.4;2006;43.23981;76.824516;267 030
block;5;16;63.7;2016;43.269015;76.946974;313 500
block;9;16;48.5;2016;43.269015;76.946974;313 500
block;2;3;27;2012;43.30175;76.900891;266 667
block;2;12;79.7;2007;43.2199;76.841476;301 130
block;2;5;62.2;2008;43.356639;76.924489;176 849
block;2;3;103.6;2011;43.197066;76.848672;318 533
block;4;9;88.2;2014;43.272429;76.892779;206 350
block;5;9;46.6;2013;43.2657;76.965147;349 786
block;1;12;104.6;2007;43.2199;76.841476;248 566
block;5;10;57.6;2012;43.214552;76.854798;217 882
block;5;5;57.8;1980;43.244381;76.89091;259 516
block;2;5;56.2;1974;43.262129;76.92731;266 904
block;1;9;55.1;1989;43.196245;76.892833;326 679
block;5;5;53.9;1989;43.271628;76.934128;222 635
block;12;12;57.5;2016;43.264033;76.819962;248 696
block;9;9;92;2005;43.287262;76.923187;152 174
block;6;12;34;2016;43.264151;76.820509;250 000
block;11;12;58.8;2016;43.264144;76.820501;261 055
block;5;12;57.1;2017;43.263311;76.820896;239 650
block;7;14;64.2;2013;43.235403;76.898366;440 810
block;6;7;98.1;2015;43.226082;76.885934;257 391
block;6;6;46.1;2015;43.311918;76.89639;224 995
block;4;6;33.7;2014;43.31117;76.89675;267 063
block;5;5;48.1;2015;43.20536;76.858418;220 000
block;3;7;44.1;2016;43.311564;76.897702;226 758
block;2;6;45.9;2016;43.311564;76.897702;224 401
block;5;10;58.8;2015;43.198657;76.874965;289 116
block;6;10;95.6;2014;43.222055;76.851726;288 703
block;7;10;47.4;2014;43.222049;76.851726;301 688
block;3;17;48;2016;43.212903;76.871327;300 000
block;7;17;48.1;2016;43.212903;76.871327;300 000
block;5;9;43.9;2016;43.238194;76.863233;285 000
block;7;17;48.3;2016;43.212903;76.871327;300 000
block;7;17;67.8;2016;43.212903;76.871336;241 888
block;5;6;45.7;2015;43.311918;76.89639;218 819
block;8;17;48.3;2016;43.212903;76.871327;300 000
block;7;13;80.1;2015;43.227829;76.938997;249 688
block;9;9;44.6;2016;43.238194;76.863224;285 000
block;4;5;68.4;2012;43.278375;76.82183;199 562
block;1;6;31.9;2014;43.311643;76.895914;246 000
block;5;12;49.7;2007;43.2199;76.841476;272 838
block;1;5;61.4;2008;43.287262;76.923187;423 453
block;3;12;41.4;2015;43.223297;76.894315;325 000
block;5;9;106.4;2014;43.225412;76.954691;516 918
block;5;9;106.4;2014;43.225412;76.954691;516 918
block;3;9;74.7;2005;43.265654;76.899723;323 829
block;8;10;65.9;2004;43.208159;76.861527;283 764
block;1;9;57.4;2006;43.217916;76.836167;304 879
block;4;5;33.4;2013;43.200569;76.880032;389 222
block;10;12;81.7;2015;43.203999;76.871354;206 561
block;7;13;108.5;2015;43.227829;76.938997;435 000
block;4;5;49.9;2015;43.332781;76.948322;220 000
block;10;12;112;2015;43.203999;76.871354;270 000
block;7;9;54.7;2005;43.2653;76.898717;219 379
block;8;9;87.7;2014;43.272422;76.89277;193 843
block;2;12;52.4;2015;43.223297;76.894315;320 000
block;2;12;52.4;2015;43.223297;76.894315;320 000
block;9;9;82.9;2015;43.257513;76.934461;255 127
block;9;9;82.9;2015;43.257513;76.934461;255 127
block;5;5;54.2;2015;43.332774;76.948322;220 000
block;4;5;49.1;2015;43.205347;76.858427;220 000
block;9;12;41.4;2015;43.223297;76.894315;320 000
block;8;12;52.1;2015;43.223297;76.894315;320 000
block;1;12;42.4;2015;43.223297;76.894315;320 000
block;1;5;50.4;2015;43.332774;76.948322;220 000
block;3;12;50.9;2015;43.223297;76.894315;320 000
block;11;12;35.3;2015;43.270565;76.839715;305 950
brick;3;5;32.3;1987;43.215025;76.898483;458 948
brick;3;2;34;1985;43.300536;76.986303;288 133
brick;14;7;72.3;2004;43.204867;76.876726;338 368
brick;5;5;48.1;1990;43.302635;76.924885;269 439
brick;5;5;50;1987;43.243625;76.900163;360 000
brick;9;9;74.2;1992;43.217358;76.838512;296 496
brick;5;5;70.7;1981;43.245589;76.919998;311 174
brick;4;5;110.8;1994;43.21925;76.835637;216 607
brick;2;4;56.1;1971;43.20486;76.876717;351 159
brick;1;5;51.6;1985;43.343436;76.973304;232 559
brick;5;5;68.5;1994;43.257152;76.912946;343 066
brick;5;5;52.1;1979;43.222712;76.894989;306 718
brick;5;5;43.7;1989;43.359497;76.990857;205 950
brick;2;5;64.8;1968;43.245103;76.950514;359 723
brick;4;5;73.9;1980;43.251762;76.906927;338 295
brick;3;5;41.8;1977;43.253147;76.906541;322 967
brick;2;3;49.6;1984;43.287262;76.923187;120 968
brick;2;5;52.7;1994;43.203171;76.887138;341 556
brick;3;3;64.2;1973;43.335404;76.950765;208 723
brick;2;2;33.4;1978;43.196764;76.812865;239 521
brick;4;4;46.4;1967;43.209375;76.867446;258 621
brick;2;5;89.7;1972;43.227764;76.903792;355 597
brick;2;2;60.9;1973;43.177747;76.971453;138 690
brick;1;5;71.9;1978;43.242417;76.901511;347 706
brick;3;4;44.5;1971;43.218475;76.896624;292 135
brick;4;5;60.9;2010;43.29467;76.94189;193 761
brick;2;2;31.6;1974;43.175315;76.870474;189 874
brick;4;4;40.7;1972;43.242929;76.83959;184 276
brick;1;3;58.7;1969;43.353912;76.924921;136 287
brick;3;3;66.6;1973;43.35502;76.950082;189 190
brick;9;9;95.8;2001;43.219388;76.838916;292 276
brick;2;5;33.3;1985;43.347593;76.965489;210 211
brick;2;5;51.2;1984;43.357871;77.153353;390 625
brick;2;5;60.4;1982;43.271004;76.938288;182 120
brick;3;5;106.2;1987;43.221832;76.888934;296 611
brick;9;9;84.7;2005;43.212239;76.852175;283 354
brick;3;5;53.3;1991;43.207883;76.860925;262 665
brick;4;4;44;1972;43.219795;76.954502;306 819
brick;4;5;32.4;1981;43.228224;76.894324;302 470
brick;4;5;67.2;1987;43.222213;76.891045;342 262
brick;4;5;31.4;1985;43.249135;76.906487;350 319
brick;5;5;51.2;1988;43.255327;76.935233;341 797
brick;3;5;60.4;2005;43.303272;76.925406;231 789
brick;3;5;38.8;2006;43.304938;76.923897;257 732
brick;3;3;70.4;1980;43.303121;76.987551;241 478
brick;2;5;51.9;1980;43.211083;76.86883;254 336
brick;4;5;44579;1976;43.245904;76.911805;331 492
brick;4;5;49.7;1976;43.209276;76.870258;301 811
brick;9;9;69;1994;43.236736;76.82316;257 247
brick;5;5;43.9;1988;43.289099;76.929825;227 791
brick;3;5;50.8;1990;43.218409;76.839985;313 780
brick;3;5;50.8;1990;43.218409;76.839985;313 780
brick;3;5;50.8;1990;43.218409;76.839985;313 780
brick;5;5;34.2;1981;43.235974;76.91503;345 030
brick;3;5;35.8;1991;43.21678;76.837245;335 196
brick;2;5;52.6;1980;43.236552;76.905787;334 601
brick;1;5;66.6;1991;43.245661;76.915084;225 226
brick;4;5;69.4;1990;43.209644;76.899444;353 026
brick;4;5;33.8;1977;43.252681;76.908949;410 060
brick;7;7;82.4;1974;43.292944;76.838134;266 991
brick;5;5;67.9;1991;43.248977;76.925235;285 715
brick;3;6;71.6;1988;43.226161;76.846606;307 263
brick;9;9;44.4;1994;43.236736;76.82316;180 181
brick;5;5;50.3;1983;43.248078;76.911823;318 092
brick;1;3;33.5;1979;43.248144;76.838134;280 598
brick;4;5;36.7;1980;43.248544;76.914096;286 104
brick;4;5;42.9;1989;43.21107;76.915021;353 380
brick;3;5;51.5;1976;43.25729;76.934712;407 767
brick;2;5;32.2;1987;43.342243;76.941045;186 336
brick;5;5;68.3;1977;43.263554;76.952346;278 185
brick;2;2;45.9;1970;43.266422;76.860233;213 508
brick;9;9;49.8;1993;43.242732;76.934721;301 205
brick;3;6;72.9;1993;43.304472;76.926349;245 542
brick;4;20;70.6;2007;43.243934;76.876088;290 369
brick;2;5;62.6;1984;43.23891;76.831298;251 598
brick;4;5;38.8;2006;43.30667;76.923915;244 846
brick;3;4;36;1969;43.23849;76.913027;222 223
brick;2;5;55.9;1976;43.224939;76.889877;330 949
brick;3;5;54.4;1985;43.198111;76.907233;367 648
brick;2;5;49.9;1976;43.200911;76.841979;224 449
brick;2;5;78.3;2010;43.29467;76.94189;204 343
brick;1;4;42.4;1967;43.222232;76.96442;353 774
brick;1;2;76.8;1977;43.181942;76.805606;184 896
brick;4;4;44732;1969;43.212601;76.88067;194 175
brick;4;5;49.6;1985;43.186333;76.865614;362 904
brick;4;5;49.7;1982;43.260731;76.932386;336 017
brick;2;5;35.7;1977;43.226778;76.911671;252 101
brick;3;9;70.5;1994;43.236736;76.82316;283 688
brick;5;5;32.5;1987;43.205563;76.905499;323 077
brick;4;4;52.1;1978;43.201443;76.842644;264 876
brick;4;5;98;1980;43.211083;76.86883;238 239
brick;4;5;53.5;1986;43.255137;76.861419;242 991
brick;1;3;33.2;1978;43.297761;76.952014;292 169
brick;3;5;70.5;1984;43.226811;76.933203;429 788
brick;5;5;53.8;1977;43.246962;76.940453;371 748
brick;2;5;50.5;1993;43.267079;76.956254;366 337
brick;4;5;35;1992;43.208343;76.835475;295 715
brick;4;5;36;1990;43.217535;76.840317;291 667
monolith;6;9;80.5;2010;43.253042;76.825271;149 069
monolith;7;9;105.6;2014;43.233281;76.853154;247 000
monolith;11;18;65;2012;43.241892;76.877508;268 708
monolith;9;4;44.6;2014;43.233005;76.852175;260 000
monolith;11;12;70.1;2013;43.231252;76.885835;323 785
monolith;4;9;49.6;2014;43.233005;76.852175;260 000
monolith;3;18;62.9;2012;43.241892;76.877508;275 333
monolith;9;2;51.7;2014;43.226667;76.845204;188 354
monolith;9;8;52.6;2014;43.233005;76.852175;300 000
monolith;5;13;65.2;2013;43.231055;76.831038;235 625
monolith;18;9;71.7;2012;43.241892;76.877508;248 703
monolith;8;10;62;2015;43.243731;76.835916;262 186
monolith;9;9;48.3;2014;43.233005;76.852175;300 000
monolith;2;10;61.4;2015;43.243731;76.835916;302 932
monolith;5;9;44730;2014;43.255445;76.923429;403 226
monolith;9;12;44804;2000;43.239147;76.826358;320 755
monolith;8;12;36.2;2000;43.239147;76.826358;303 868
monolith;5;10;61.1;2015;43.243724;76.835907;270 000
monolith;7;12;55.2;2015;43.223297;76.894315;325 000
monolith;10;16;107.6;2013;43.23089;76.790102;133 829
monolith;4;9;45.5;2010;43.243363;76.813575;255 143
monolith;17;18;61.6;2011;43.245399;76.876942;248 572
monolith;10;10;61.4;2015;43.243731;76.835916;258 958
monolith;1;16;82.2;2012;43.220754;76.795878;169 088
monolith;1;16;82.2;2012;43.220754;76.795878;169 088
monolith;2;7;45.3;2015;43.311741;76.897037;256 248
monolith;1;18;55.5;2012;43.241892;76.877508;342 343
monolith;4;12;52.8;2009;43.226667;76.845204;227 273
monolith;17;18;63.6;2011;43.245399;76.876942;250 567
monolith;2;12;52.8;1995;43.241642;76.833319;284 091
monolith;15;16;62.1;2013;43.231508;76.88491;328 761
monolith;6;9;58.6;2007;43.226667;76.845204;443 687
monolith;17;18;73;2011;43.245399;76.876942;248 877
monolith;17;17;68.2;2014;43.212594;76.845222;294 456
monolith;15;16;49.7;2014;43.214953;76.874103;442 656
monolith;8;13;131.3;2015;43.22622;76.934901;450 000
monolith;2;16;73.7;2012;43.230345;76.790506;182 361
monolith;9;9;51.2;2010;43.253003;76.826052;175 782
monolith;12;12;74.6;2015;43.231298;76.875792;364 000
monolith;7;15;123.8;2011;43.215446;76.883931;242 327
monolith;1;16;88;2012;43.230628;76.789715;177 273
monolith;16;16;86;2013;43.231508;76.884901;305 156
monolith;3;9;55;2007;43.179864;76.867851;421 091
monolith;5;5;39.4;2008;43.357858;76.924193;177 665
monolith;15;16;87.6;2013;43.231508;76.88491;305 325
monolith;2;16;160.6;2012;43.225951;76.792823;127 647
monolith;13;14;85.9;2013;43.23139;76.885323;305 160
monolith;16;16;98;2012;43.23089;76.790102;132 654
monolith;15;18;73;2011;43.245399;76.876942;248 548
monolith;1;5;80.9;2015;43.285831;77.001781;240 000
monolith;6;16;63.4;2012;43.230628;76.789715;166 247
monolith;9;9;66.4;2010;43.244249;76.815111;240 964
monolith;2;16;63.4;2012;43.220754;76.795878;165 616
monolith;7;9;98.2;2014;43.226667;76.845204;184 500
monolith;11;16;63;2012;43.230628;76.789715;165 080
monolith;9;9;65.7;2010;43.241898;76.815479;304 141
monolith;2;5;40.1;2008;43.355158;76.925271;201 996
monolith;8;12;96;2013;43.232178;76.789616;135 000
monolith;7;12;38.2;1997;43.240644;76.828082;261 781
monolith;10;13;129.3;2010;43.215341;76.88261;270 689
monolith;3;11;74;2009;43.220584;76.842815;297 298
monolith;6;18;125.3;2012;43.241892;76.877508;247 087
monolith;6;9;45.4;2010;43.242857;76.813566;264 318
monolith;2;5;63.9;2008;43.356305;76.921561;208 905
monolith;14;16;44.5;2012;43.230345;76.790506;220 225
monolith;5;9;68.6;2008;43.232106;76.799651;227 610
monolith;4;18;58.5;2011;43.244873;76.876259;273 505
monolith;2;5;76.9;2007;43.357281;76.951655;221 067
monolith;16;16;93.4;2012;43.230345;76.790506;161 288
monolith;8;9;106.6;2014;43.233005;76.852175;265 000
monolith;10;12;144.2;2012;43.225951;76.792823;166 436
monolith;2;5;117.5;2015;43.285831;77.001781;195 745
monolith;3;5;51.1;2008;43.288174;77.002589;279 844
monolith;3;5;73.9;2015;43.285831;77.001781;197 565
monolith;4;5;44.6;2015;43.300431;76.835404;120 000
monolith;4;5;64.5;2015;43.300431;76.835404;120 000
monolith;2;14;57.9;2012;43.230628;76.789724;241 797
monolith;4;5;44.2;2015;43.300431;76.835404;120 000
monolith;13;16;91;2012;43.23026;76.789814;159 341
monolith;4;5;75.7;2015;43.300431;76.835404;120 000
monolith;10;10;84.8;2015;43.243731;76.835916;218 821
monolith;2;5;43.9;2015;43.300431;76.835404;120 000
monolith;5;18;71.3;2011;43.245399;76.876942;296 307
monolith;1;5;77.8;2008;43.287262;76.923187;128 535
monolith;13;16;38.6;2014;43.214953;76.874112;261 659
monolith;2;5;42.6;2015;43.300431;76.835404;120 000
monolith;3;9;98.5;2012;43.236329;76.821749;235 615
monolith;2;5;44.9;2015;43.300431;76.835404;120 000
monolith;5;5;44.2;2015;43.300431;76.835404;120 000
monolith;3;5;62.9;2015;43.300431;76.835404;120 000
monolith;2;5;62.5;2015;43.300431;76.835404;120 000
monolith;5;5;83.3;2015;43.300431;76.835404;120 000
monolith;5;5;44.6;2015;43.300431;76.835404;120 000
monolith;4;5;63.2;2015;43.300431;76.835404;120 000
monolith;5;16;44.8;2012;43.230345;76.790506;212 054
monolith;1;5;39.6;2015;43.300431;76.835404;120 000
monolith;2;5;76.6;2008;43.306021;76.924705;208 878
monolith;3;5;44.8;2015;43.300431;76.835404;120 001
monolith;4;5;39.4;2015;43.300431;76.835404;120 000
monolith;4;5;79.3;2008;43.331332;76.949283;252 207
monolith;4;5;65.1;2015;43.300431;76.835404;120 001
monolith;3;5;62.5;2015;43.300431;76.835404;120 000
monolith;5;5;63.4;2015;43.300431;76.835404;120 000
monolith;4;12;106;2014;43.233005;76.852175;275 000
monolith;3;12;80.1;2016;43.231147;76.874274;347 000
monolith;1;5;64.7;2015;43.300431;76.835404;120 000
monolith;5;5;75.2;2015;43.300431;76.835404;120 000
monolith;2;5;38.9;2015;43.300431;76.835404;120 000
monolith;5;5;65.6;2015;43.300431;76.835404;120 001
monolith;2;5;44.4;2015;43.300431;76.835404;120 000
monolith;5;5;73.6;2015;43.300431;76.835404;120 001
monolith;1;5;62.6;2015;43.300431;76.835404;120 000
monolith;3;5;39.7;2015;43.300431;76.835404;120 000
monolith;2;16;97.9;2012;43.225951;76.792823;143 004
monolith;8;12;79.9;2016;43.231153;76.874283;356 892
monolith;8;12;70;2014;43.260245;76.960099;342 858
monolith;1;18;57.6;2011;43.245399;76.876942;335 070
monolith;2;5;39.1;2015;43.300431;76.835404;120 000
monolith;4;5;44.1;2015;43.300431;76.835404;120 000
monolith;15;16;62.5;2012;43.220754;76.795878;152 000
monolith;1;5;83.5;2015;43.300431;76.835404;120 000
monolith;6;8;86.7;2016;43.26035;76.813036;264 988
monolith;5;5;112;2009;43.286822;77.002724;235 447
monolith;5;5;112;2009;43.286822;77.002724;235 447
monolith;1;5;84.5;2015;43.300431;76.835404;120 000
monolith;1;5;63;2015;43.300431;76.835404;120 000
monolith;3;5;62.5;2015;43.300431;76.835404;120 000
monolith;10;12;37.3;2000;43.239147;76.826358;241 287
monolith;3;5;62.5;2015;43.300431;76.835404;120 000
monolith;3;5;63.4;2015;43.300431;76.835404;120 000
monolith;5;5;81.9;2015;43.300431;76.835404;120 000
monolith;2;5;63.4;2015;43.300431;76.835404;120 000
monolith;2;5;76.2;2015;43.300431;76.835404;120 000
monolith;1;5;45;2015;43.300431;76.835404;120 000
monolith;5;12;55.9;2016;43.231147;76.874274;357 800
monolith;5;12;55.9;2016;43.231147;76.874274;357 800
monolith;5;5;120;2009;43.287262;77.001385;183 334
monolith;4;8;40.9;2016;43.26035;76.813036;288 000
monolith;2;17;42.6;2014;43.212594;76.845213;340 376
monolith;11;16;107.4;2012;43.23089;76.790111;135 000
monolith;2;5;39.6;2015;43.300431;76.835404;120 000
monolith;4;5;39.9;2014;43.300431;76.835404;120 000
monolith;1;5;62.7;2014;43.300431;76.835404;120 000
monolith;2;16;90.9;2012;43.220754;76.795878;169 857
monolith;2;16;90.9;2012;43.220754;76.795878;169 857
monolith;6;18;77.9;2011;43.244873;76.876259;312 163
monolith;10;13;107.3;2013;43.231055;76.831038;220 000
monolith;3;5;76.2;2015;43.300431;76.835404;120 000
monolith;3;5;76.4;2015;43.300431;76.835404;120 000
monolith;3;5;76.4;2015;43.300431;76.835404;120 000
monolith;4;9;64.7;2010;43.245753;76.818363;247 296
monolith;5;5;44.4;2015;43.300431;76.835404;120 000
monolith;5;5;63.4;2014;43.300431;76.835404;120 000
monolith;3;5;83.1;2015;43.300431;76.835404;120 001
monolith;16;16;97.7;2012;43.23089;76.790102;138 179
monolith;8;9;61;2002;43.220997;76.840991;245 902
monolith;5;5;75.7;2015;43.300431;76.835404;120 000
monolith;2;5;38.8;2014;43.294749;76.941099;244 846
monolith;7;9;80.8;1995;43.232079;76.955329;350 397
monolith;1;5;61.9;2014;43.300431;76.835404;120 000
monolith;3;5;65.5;2015;43.300431;76.835404;120 000
monolith;3;5;65.3;2008;43.358612;76.920923;153 140
monolith;5;5;63.7;2015;43.300431;76.835404;120 000
monolith;7;10;92.4;2007;43.265313;76.901349;243 507
monolith;3;16;69.9;2013;43.213067;76.843884;407 726
monolith;5;5;62.8;2015;43.300431;76.835404;120 000
monolith;3;5;62.8;2015;43.300431;76.835404;120 000
monolith;14;16;54.7;2013;43.213067;76.843884;261 426
monolith;5;5;63.2;2014;43.300431;76.835404;120 000
monolith;5;5;63.2;2014;43.300431;76.835404;120 000
monolith;2;5;60.8;2015;43.300431;76.835404;120 000
monolith;2;5;65.5;2015;43.300431;76.835404;120 000
monolith;2;12;65.8;1998;43.239527;76.827301;212 766
monolith;5;5;39.7;2015;43.300431;76.835404;120 000
monolith;4;5;42.6;2015;43.300431;76.835404;120 000
monolith;3;5;62.7;2015;43.300431;76.835404;120 000
monolith;5;5;63.2;2015;43.300431;76.835404;120 000
monolith;4;5;74.1;2015;43.300431;76.835404;120 001
monolith;4;5;75.8;2015;43.300431;76.835404;120 000
monolith;9;18;74;2012;43.241892;76.877508;216 217
monolith;3;5;75.7;2015;43.300431;76.835404;120 000
monolith;4;5;44.1;2015;43.300431;76.835404;120 000
monolith;5;5;62.6;2015;43.300431;76.835404;119 809
monolith;4;5;74.4;2015;43.300431;76.835404;120 000
monolith;4;5;43.7;2015;43.300431;76.835404;120 000
monolith;2;5;62.6;2015;43.300431;76.835404;120 000
monolith;3;5;63.1;2015;43.300431;76.835404;120 000
monolith;5;5;40.1;2015;43.300431;76.835404;120 000
monolith;4;5;62.5;2015;43.300431;76.835404;120 000
monolith;3;5;62.6;2015;43.300431;76.835404;120 000
monolith;12;12;52.5;2015;43.231304;76.875801;380 953
monolith;2;5;62.6;2015;43.300431;76.835404;120 000
monolith;1;9;37.3;2014;43.255826;76.82095;241 287
monolith;1;5;60.9;2015;43.300431;76.835404;120 000
monolith;1;5;43.4;2015;43.300431;76.835404;120 000
monolith;4;5;63;2015;43.300431;76.835404;120 000
monolith;3;5;63.2;2015;43.300431;76.835404;120 000
monolith;2;5;74;2015;43.300431;76.835404;120 000
monolith;4;5;65.5;2015;43.300431;76.835404;120 000
monolith;7;9;91.6;2007;43.209513;76.881954;272 926
monolith;2;5;61.7;2015;43.300431;76.835404;120 000
monolith;1;5;62.8;2015;43.300431;76.835404;120 000
monolith;7;12;60.6;2010;43.249444;76.86803;247 525
monolith;9;16;98.3;2012;43.230628;76.789715;134 283
monolith;6;9;65.1;2010;43.244098;76.815668;253 457
monolith;3;12;38.7;2016;43.231153;76.874283;353 000
monolith;6;16;42.7;2010;43.244249;76.812371;269 321
monolith;4;5;45;2015;43.300431;76.835404;120 000
monolith;5;5;76.6;2015;43.300431;76.835404;120 001
monolith;1;5;65.5;2015;43.300431;76.835404;120 000
monolith;3;9;44760;2014;43.255445;76.923429;534 760
monolith;5;16;49.5;2014;43.214717;76.874139;309 091
monolith;1;16;82.9;2012;43.230345;76.790515;159 228
monolith;5;5;62.6;2015;43.300431;76.835404;120 000
monolith;2;5;76.6;2015;43.300431;76.835404;120 001
monolith;4;5;62.8;2015;43.300431;76.835404;120 000
monolith;3;5;75.1;2015;43.300431;76.835404;120 001
monolith;3;5;61.7;2015;43.300431;76.835404;120 000
monolith;5;5;45.1;2015;43.300431;76.835404;120 000
monolith;1;5;62.7;2015;43.300431;76.835404;120 000
monolith;2;12;82.7;2016;43.231147;76.874274;336 000
monolith;15;16;91.5;2012;43.23026;76.789814;180 656
monolith;5;16;107.9;2012;43.230345;76.790506;133 457
monolith;2;5;73.8;2015;43.300431;76.835404;120 000
monolith;1;12;56.1;2016;43.231147;76.874274;338 396
monolith;8;9;51.4;2009;43.250974;76.825378;223 736
monolith;5;12;60.3;2015;43.248787;76.866647;268 657
monolith;5;5;63.6;2015;43.300431;76.835404;120 000
monolith;1;16;82.9;2013;43.220754;76.795878;132 690
monolith;7;9;77.2;2006;43.2418;76.825756;220 208
monolith;4;12;60.4;2015;43.248787;76.866647;264 901
monolith;3;9;58.8;2013;43.345409;76.98712;249 150
monolith;16;18;63.4;2012;43.241892;76.877508;279 969
monolith;6;17;66.5;2013;43.245123;76.93712;437 640
monolith;9;10;50.2;2012;43.225878;76.838063;312 750
monolith;3;16;45.1;2013;43.230266;76.789823;210 644
monolith;6;16;83.5;2010;43.244637;76.812398;275 450
monolith;9;9;66.1;2010;43.24247;76.814581;264 751
monolith;9;12;116.9;2013;43.232178;76.789616;154 834
monolith;3;5;39.1;2008;43.358618;76.920923;191 816
monolith;7;16;73;2013;43.213488;76.844126;324 658
monolith;5;12;68.1;2014;43.259831;76.960647;367 108
monolith;10;10;72;1991;43.247848;76.870061;243 056
monolith;8;21;53.6;2006;43.233518;76.893399;386 195
monolith;5;5;36.1;2012;43.278375;76.82183;221 607
monolith;8;9;62.5;2010;43.242286;76.816521;208 000
monolith;6;9;52.9;2014;43.23028;76.840048;337 732
monolith;5;5;61.7;2015;43.300431;76.835404;120 000
monolith;9;4;46.6;2014;43.255393;76.821138;225 322
monolith;2;9;37.1;2008;43.241774;76.823914;260 647
monolith;4;18;46.3;2011;43.245399;76.876942;318 312
monolith;6;6;66.3;2015;43.20647;76.863763;241 328
monolith;11;16;72.8;2013;43.212897;76.843138;281 594
monolith;11;11;83.9;2010;43.221372;76.841674;259 834
monolith;5;5;63.3;2008;43.357163;76.918623;157 978
monolith;5;5;39.4;2008;43.355217;76.925819;182 742
monolith;6;9;65.4;2010;43.24224;76.81512;252 707
monolith;1;3;130.7;2016;43.149695;76.90655;490 001
monolith;9;6;38.4;2014;43.25641;76.821372;242 188
monolith;2;9;19;2014;43.255445;76.923429;394 737
monolith;7;16;112;2013;43.213488;76.844126;308 036
monolith;6;16;91.8;2012;43.230345;76.790515;231 482
monolith;2;13;49.5;2016;43.250613;76.853442;285 000
monolith;11;16;58.7;2012;43.23089;76.790102;173 765
monolith;3;13;42.2;2016;43.240939;76.857134;285 000
monolith;4;13;55.1;2016;43.240703;76.855741;290 000
monolith;7;13;86.4;2016;43.240939;76.857134;275 000
monolith;6;21;76.5;2015;43.23602;76.893776;281 046
monolith;5;13;42.2;2016;43.240939;76.857134;300 000
monolith;3;14;117.5;2011;43.225951;76.792823;165 107
monolith;4;5;33.7;1982;43.23845;76.862191;293 769
monolith;3;13;86.6;2016;43.240939;76.857125;252 001
monolith;15;16;57.1;2012;43.220754;76.795878;175 132
monolith;15;16;57.1;2012;43.220754;76.795878;175 132
monolith;13;16;60.1;2012;43.224637;76.793443;178 037
monolith;5;5;61.1;2015;43.300431;76.835404;120 000
monolith;4;14;74.3;2015;43.211931;76.878065;323 015
monolith;9;12;66.7;2015;43.231298;76.875792;359 821
monolith;6;13;33.7;2016;43.240953;76.856065;302 196
monolith;15;16;71;2014;43.214953;76.874103;302 817
monolith;11;12;63.5;2013;43.232178;76.789616;157 481
monolith;2;16;34.1;2014;43.214717;76.874139;307 918
monolith;4;9;43.6;2007;43.237629;76.826609;183 489
monolith;7;13;72.4;2015;43.22622;76.93491;414 365
monolith;13;17;55.6;2009;43.206773;76.885;429 317
monolith;13;20;100.4;2012;43.195331;76.893632;286 853
monolith;8;9;36.6;2016;43.258735;76.884326;250 000
monolith;9;13;90.3;2016;43.240939;76.857134;280 000
monolith;9;8;68;2014;43.25641;76.821372;213 236
monolith;1;7;80.2;2007;43.222929;76.952795;660 848
monolith;8;8;40.5;2016;43.26035;76.813036;234 568
monolith;5;13;35;2016;43.240939;76.857125;300 000
monolith;4;13;42.3;2016;43.240939;76.857125;285 000
monolith;7;10;42.7;2005;43.221155;76.844117;234 193
monolith;11;12;64.8;2009;43.219631;76.842887;267 284
monolith;1;6;43;2015;43.20647;76.863763;283 721
monolith;9;9;102.6;2006;43.226667;76.845204;160 819
monolith;3;5;45.3;2015;43.300431;76.835404;120 001
monolith;4;8;40.8;2016;43.26035;76.813036;250 001
monolith;7;9;36.2;2016;43.258735;76.884326;250 000
monolith;6;13;86.3;2016;43.240939;76.857125;275 000
monolith;3;10;94.5;2009;43.242877;76.817015;169 313
monolith;5;5;58.9;2007;43.357281;76.951655;161 291
monolith;3;13;72.7;2016;43.240939;76.857125;285 000
monolith;6;9;65.5;2010;43.250672;76.826618;209 161
monolith;2;7;61.5;2007;43.360781;76.99445;219 513
monolith;4;9;68.4;2010;43.252773;76.824462;223 685
monolith;1;9;80.2;2008;43.207738;76.883526;249 377
monolith;8;9;86.8;2011;43.250961;76.813781;230 415
monolith;4;9;83.3;2015;43.2657;76.965147;199 280
monolith;1;5;59.9;1978;43.249857;76.896723;320 535
monolith;1;5;41.6;1976;43.204768;76.90001;312 500
monolith;9;12;56.8;2016;43.262858;76.820447;254 472
monolith;4;5;39.3;2010;43.359071;76.923492;207 405
monolith;9;4;60.9;2008;43.242062;76.8251;235 633
monolith;6;16;83.8;2012;43.224965;76.933437;408 306
monolith;6;9;67.9;2007;43.266744;76.901223;223 859
monolith;2;5;61.8;2006;43.287262;76.923187;210 356
monolith;6;9;58.6;2004;43.214027;76.854322;331 912
monolith;8;10;60.7;2015;43.221313;76.866611;359 144
monolith;4;4;63.3;1970;43.229248;76.921184;292 260
monolith;9;9;103.5;2006;43.241235;76.825558;212 561
monolith;1;6;82;2014;43.258662;76.981434;390 000
monolith;8;9;73.9;2006;43.265654;76.901187;278 756
monolith;1;4;58.5;1967;43.222916;76.873582;273 505
monolith;2;5;62.9;2015;43.300431;76.835404;120 000
monolith;2;5;40.1;2015;43.300431;76.835404;120 000
monolith;3;6;143.9;2014;43.258557;76.982179;490 000
monolith;4;5;62.9;2015;43.300431;76.835404;120 000
monolith;1;5;76;2015;43.300431;76.835404;120 000
monolith;7;10;113.7;2006;43.234188;76.937407;460 172
monolith;6;6;42.2;2016;43.311557;76.897702;248 816
monolith;2;9;46.5;2004;43.302314;76.923133;225 807
monolith;5;5;63;2010;43.35968;76.922971;222 223
monolith;2;9;68.5;2004;43.302675;76.922765;189 782
monolith;1;9;43.2;2006;43.265923;76.901556;300 926
monolith;3;5;38.8;2006;43.306309;76.922289;250 001
monolith;3;5;38.8;2006;43.306309;76.922289;250 001
monolith;5;5;65.1;1995;43.305804;76.925208;184 332
monolith;1;5;38.9;2006;43.305968;76.921947;308 484
monolith;4;15;102.7;2007;43.21674;76.884065;303 963
monolith;4;9;67.7;1994;43.210019;76.843111;304 284
monolith;5;9;77.9;2006;43.241957;76.826367;205 392
monolith;2;9;58.7;2004;43.214027;76.854313;310 052
monolith;2;9;58.7;2004;43.214027;76.854313;310 052
monolith;2;9;58.7;2004;43.214027;76.854313;310 052
monolith;7;9;56.8;2005;43.265352;76.899921;281 691
monolith;3;4;42;1970;43.26165;76.915848;227 143
monolith;8;9;42.4;2013;43.280692;76.821785;188 680
monolith;1;9;50.4;2005;43.212193;76.880203;271 826
monolith;5;9;68.8;2005;43.214171;76.848492;290 698
monolith;4;4;43.1;1973;43.261558;76.914599;174 014
monolith;8;9;73.9;2005;43.226667;76.845204;216 509
monolith;1;5;42;1973;43.202153;76.880831;259 524
monolith;7;9;55.5;2007;43.266271;76.901403;252 253
monolith;3;5;34.9;2012;43.356305;76.920339;171 920
monolith;6;9;92.5;2005;43.226667;76.845204;248 649
monolith;2;14;54.5;2016;43.216786;76.880697;308 846
monolith;1;5;62.9;2010;43.359379;76.922513;206 678
monolith;4;4;42.7;1968;43.219427;76.857736;210 773
monolith;11;16;81.6;2011;43.2021;76.874714;343 138
monolith;2;5;39.3;2008;43.356711;76.91918;216 285
monolith;7;9;68.1;2006;43.305568;76.921516;205 581
monolith;5;5;62;2006;43.30625;76.923268;219 360
monolith;5;5;43.8;1981;43.246896;76.914743;319 635
monolith;3;5;63;2008;43.356718;76.919189;206 350
monolith;1;5;33.6;2009;43.355223;76.922801;250 000
monolith;5;9;46.4;2005;43.304262;76.921947;237 069
monolith;5;9;43.2;2005;43.214992;76.850244;254 630
monolith;4;5;51.1;1986;43.235508;76.955239;439 727
monolith;1;12;34.5;2017;43.263567;76.820797;258 000
panel;2;2;72.7;2014;43.242299;76.887218;158 873
panel;2;2;72.7;2014;43.242457;76.887272;190 785
panel;2;2;72.7;2014;43.242457;76.887272;190 785
panel;1;5;33.7;1990;43.237104;76.896642;445 104
panel;2;4;64.1;1973;43.341895;76.981541;214 509
panel;3;5;51.9;1989;43.23602;76.827921;277 457
panel;5;5;45.2;1976;43.235574;76.915569;378 585
panel;4;4;44.2;1967;43.217384;76.85876;279 978
panel;4;4;47.6;1972;43.229058;76.903918;333 866
panel;4;5;59.2;1967;43.256857;76.935593;385 136
panel;8;9;68.7;1993;43.225786;76.881694;304 222
panel;2;5;58.5;1976;43.358782;77.136995;266 616
panel;5;5;66.5;1978;43.239928;76.85964;218 429
panel;3;9;40.8;1990;43.223185;76.838377;335 785
panel;4;4;77.4;1970;43.26165;76.915848;235 143
panel;2;5;50.5;1991;43.337332;76.969944;257 426
panel;8;9;60.7;1986;43.254139;76.914204;382 208
panel;5;9;57.1;1984;43.226667;76.845204;230 246
panel;2;5;52;1987;43.205458;76.836859;355 770
panel;1;3;52.2;1980;43.30297;76.900001;233 717
panel;5;9;73.9;1992;43.214427;76.879879;291 854
panel;1;5;62.1;1975;43.200648;76.873223;257 649
panel;4;4;59.8;1972;43.297465;77.027023;317 726
panel;4;5;44.7;1977;43.246502;76.889949;305 593
panel;2;4;45.3;1969;43.219624;76.857152;313 466
panel;3;5;34.6;1994;43.211444;76.84524;346 821
panel;3;5;34.6;1994;43.211444;76.84524;346 821
panel;6;9;56.1;1989;43.2149;76.875675;303 031
panel;5;5;41.7;1988;43.232579;76.839374;299 761
panel;5;9;66.9;2005;43.304899;76.923295;204 784
panel;5;5;54.2;1988;43.365081;76.995807;236 163
panel;3;5;42.6;1976;43.19817;76.886859;305 165
panel;2;5;58.2;1991;43.363705;76.998008;206 186
panel;4;4;45.7;1971;43.210334;76.903469;317 287
panel;2;4;52.1;1971;43.231784;76.915929;295 586
panel;2;5;44742;1977;43.198013;76.881272;398 693
panel;5;5;65.2;1976;43.210334;76.903469;214 724
panel;5;5;33.8;1973;43.199583;76.88076;301 776
panel;3;4;45.2;1967;43.213356;76.866027;270 797
panel;1;4;32.3;1966;43.210689;76.8615;291 022
panel;1;5;41.6;1985;43.322787;76.914258;215 313
panel;4;4;43.5;1968;43.369793;76.987848;240 230
panel;3;4;46.9;1967;43.229209;76.86326;338 721
panel;4;4;31.4;1970;43.229839;76.92475;398 090
panel;6;9;40.9;1993;43.222351;76.847576;342 299
panel;4;4;43.3;1972;43.227994;76.922271;344 111
panel;9;13;62;2016;43.248268;76.865515;280 000
panel;5;5;42;1975;43.260074;76.921139;342 858
panel;6;9;73;1987;43.241399;76.860395;260 274
panel;3;12;91.7;2016;43.248268;76.865515;280 000
panel;3;13;65.1;2016;43.248268;76.865515;280 000
panel;9;15;64.2;2016;43.248268;76.865515;310 000
panel;5;5;42.1;1984;43.31916;76.914644;249 407
panel;5;5;42.1;1984;43.31916;76.914644;249 407
panel;1;5;51.6;1985;43.205465;76.836868;313 469
panel;10;13;90.5;2016;43.248268;76.865515;280 000
panel;6;12;62.1;2016;43.248268;76.865515;280 000
panel;6;9;40.2;1989;43.196245;76.892833;373 135
panel;3;3;38.1;1975;43.306513;76.899813;183 728
panel;2;3;58.4;1981;43.287262;76.923187;205 480
panel;4;9;91.6;1989;43.256259;76.886473;272 926
panel;2;5;42.6;1974;43.20214;76.885521;328 639
panel;4;4;59.3;1967;43.223987;76.851232;217 201
panel;5;5;62.5;1975;43.197605;76.879376;282 880
panel;1;5;45.9;1990;43.226667;76.845204;196 079
panel;6;9;39.3;1985;43.250599;76.891063;330 789
panel;5;5;33.8;1973;43.229432;76.85761;278 107
panel;4;5;44.8;1974;43.238746;76.908446;334 822
panel;1;4;46.5;1967;43.269626;76.946363;298 861
panel;1;4;31;1969;43.224919;76.850378;298 710
panel;4;4;61.1;1971;43.228375;76.867491;223 732
panel;5;9;69.1;1987;43.228086;76.843641;289 436
panel;8;13;64.3;2016;43.248268;76.865515;280 000
panel;5;5;44651;1973;43.266068;76.936859;303 515
panel;3;15;62.5;2016;43.248268;76.865515;280 000
panel;3;5;46.8;1978;43.256332;76.913054;270 300
panel;2;9;56.3;1984;43.250875;76.875244;328 597
panel;3;5;32.7;1981;43.221149;76.889015;363 915
panel;5;5;44712;1975;43.195647;76.880059;340 318
panel;3;3;59.1;1981;43.35852;76.995232;216 583
panel;1;9;70;1987;43.228946;76.83976;307 143
panel;9;12;121.5;2016;43.248268;76.865515;280 000
panel;3;5;45.3;1978;43.193635;76.905167;309 051
panel;1;5;58.9;1983;43.241425;76.832259;237 692
panel;8;9;40.8;1991;43.223842;76.846049;318 628
panel;4;9;70;1990;43.207022;76.899148;328 572
panel;3;3;56.6;1981;43.35852;76.995232;229 682
panel;2;4;45.8;1968;43.217476;76.859883;283 843
panel;3;4;42.3;1970;43.241005;76.89851;354 610
panel;5;9;35.5;1988;43.342033;76.985162;242 254
panel;5;5;43.5;1986;43.235528;76.864509;252 874
panel;5;9;55.6;1989;43.229439;76.837371;359 713
panel;2;9;51.1;1981;43.292164;76.837739;381 605
panel;3;5;63.3;1973;43.202067;76.88155;269 574
panel;3;4;43.5;1967;43.222292;76.871157;287 357
panel;2;4;59.2;1969;43.218448;76.861401;270 271
panel;5;5;53.5;1988;43.196514;76.806631;168 225
panel;5;5;50.7;1991;43.235666;76.820779;235 789
panel;4;12;89.6;2016;43.248268;76.865515;280 000
panel;3;5;43.4;1974;43.2614;76.919612;322 581
panel;5;5;40.4;1985;43.233577;76.830274;262 377
panel;4;5;33.6;1981;43.234608;76.829843;238 096
panel;4;5;83.8;1990;43.234871;76.823429;262 530
panel;2;4;45.4;1975;43.224545;76.873133;264 318
panel;1;5;56;1975;43.196258;76.883257;289 286
panel;5;5;66.3;1976;43.192505;76.903379;241 328
panel;7;12;64.3;2016;43.248268;76.865515;280 000
panel;7;12;64.3;2016;43.248268;76.865515;280 000
panel;6;13;64.1;2016;43.248268;76.865515;280 000
panel;5;5;43.5;2006;43.304741;76.925738;204 598
panel;4;5;61.9;1973;43.266068;76.936859;274 637
panel;1;5;44650;1977;43.245825;76.92183;330 034
panel;5;5;42.6;1980;43.253613;76.877669;281 691
panel;2;4;62.2;1971;43.222627;76.933032;278 136
panel;3;5;51.6;1986;43.226923;76.83667;287 791
panel;8;8;66.6;1973;43.235304;76.908221;300 301
panel;3;5;52.2;1989;43.237288;76.827364;268 200
panel;2;9;98;1993;43.22306;76.846794;275 511
panel;1;5;64.4;1980;43.254644;76.872711;321 429
panel;3;5;68.3;1992;43.212305;76.849229;317 716
panel;7;9;73.2;1993;43.219421;76.846641;321 039
panel;1;4;61.3;1972;43.22938;76.920429;290 335
panel;1;5;30;1978;43.215426;76.901403;344 767
panel;3;4;43.1;1970;43.268228;76.949975;299 304
panel;5;5;31.2;1985;43.336761;76.912174;182 693
panel;1;4;41.9;1970;43.229334;76.925837;357 996
panel;2;5;65.8;1980;43.208915;76.90249;286 475
panel;5;5;52.2;1991;43.337332;76.969944;191 571
panel;2;9;69.2;1984;43.239521;76.838386;274 567
panel;4;5;81.4;1994;43.210413;76.844719;272 114
panel;1;5;70.7;1987;43.214171;76.900361;184 329
panel;2;4;60.1;1971;43.236841;76.842428;266 223
panel;6;9;69;1979;43.234713;76.89966;320 015
panel;4;4;44.6;1970;43.267807;76.949364;316 144
panel;2;4;46.5;1969;43.254217;76.919908;292 474
panel;5;5;59.7;1979;43.248281;76.860422;216 081
panel;5;9;77.8;1994;43.219513;76.846138;257 070
panel;5;9;41;1989;43.21199;76.876654;292 683
panel;2;5;45;1974;43.261256;76.920995;295 556
panel;3;9;70;1987;43.225189;76.836931;300 000
panel;2;4;43;1968;43.225662;76.87219;279 070
panel;5;9;75.4;1985;43.235613;76.888943;336 871
panel;1;5;59.2;1976;43.200392;76.872261;253 379
panel;2;9;64;1989;43.205268;76.836589;289 063
panel;2;5;34;1975;43.196139;76.88623;282 353
panel;7;9;72.9;1990;43.222489;76.838566;246 914
panel;4;4;33.6;1978;43.253187;76.885287;241 072
panel;3;4;60.1;1972;43.22754;76.916477;296 177
panel;4;5;62.9;1983;43.225543;76.875109;277 425
panel;4;5;51.2;1987;43.228526;76.840201;283 204
panel;4;5;53.3;1993;43.213291;76.839715;281 426
panel;8;9;70.2;1990;43.363731;77.131111;370 371
panel;4;5;49.2;2001;43.208639;76.883158;304 879
panel;2;5;44.8;1974;43.233984;76.886428;290 179
panel;3;5;33.2;1984;43.250731;76.869692;286 145
panel;2;5;44.8;1974;43.233984;76.886428;290 179
panel;2;5;34.5;1990;43.228316;76.8327;275 363
panel;5;5;45.1;1977;43.196902;76.87581;292 683
panel;5;5;59.7;1980;43.20808;76.888916;217 756
panel;1;5;41.8;1974;43.24486;76.84021;236 843
panel;2;5;40;1984;43.359084;77.136411;175 000
panel;4;5;44.1;1981;43.239291;76.836949;306 123
panel;4;4;42.7;1969;43.220807;76.861284;295 082
panel;2;5;57.2;1984;43.241793;76.832116;236 014
panel;4;5;83.5;1992;43.212305;76.849238;263 474
panel;4;9;78.2;1990;43.222541;76.83791;319 694
panel;5;5;44.9;1974;43.238503;76.901115;282 851
panel;1;9;58.4;2005;43.21377;76.850585;282 535
panel;1;4;41.8;1971;43.224046;76.889985;299 044
panel;3;9;73.6;1993;43.210334;76.903469;336 957
panel;1;5;69.8;1986;43.228519;76.836706;259 313
panel;3;5;52.3;1990;43.236427;76.823474;239 006
panel;2;5;52;1995;43.211655;76.84021;292 308
panel;3;4;45.5;1967;43.216254;76.867393;219 781
panel;2;5;44.7;1979;43.25882;76.92608;357 942
panel;2;9;58.2;1987;43.242962;76.890596;331 616
panel;2;5;86.3;1997;43.231541;76.837928;231 750
panel;4;5;45.1;1974;43.198098;76.883095;332 595
panel;4;5;45.1;1974;43.198098;76.883095;332 595
panel;5;5;58.8;1982;43.237038;76.829142;243 198
panel;2;5;45.9;1977;43.191394;76.903801;326 798
panel;5;5;43.2;1984;43.325246;76.921588;231 482
panel;1;4;60.1;1969;43.231101;76.844027;216 307
panel;2;5;33.8;1983;43.234444;76.884479;313 610
panel;4;5;44762;1977;43.224256;76.900379;280 194
panel;2;5;61.8;1980;43.254336;76.87757;283 172
panel;5;5;51.4;1986;43.227948;76.836167;262 646
panel;3;5;64.7;1982;43.255005;76.877454;262 752
panel;1;5;54.2;1975;43.195601;76.885368;269 373
panel;5;5;32;1982;43.235377;76.829906;284 375
panel;2;5;38.6;1993;43.360447;76.992923;220 208
panel;1;5;81.1;1987;43.328492;76.921103;283 601
panel;5;5;42.6;1979;43.223172;76.870222;267 606
panel;3;15;56;2016;43.249004;76.865326;277 893
panel;1;4;44.9;1972;43.209605;76.86335;240 535
panel;4;5;40.4;1982;43.235186;76.830696;272 278
panel;2;5;55.4;1977;43.221201;76.889868;294 224
panel;3;8;67.7;1975;43.227363;76.926978;408 568
panel;5;5;58.7;1978;43.254421;76.902184;272 573
panel;1;9;37.8;1972;43.264794;76.942016;296 297
panel;3;5;43.8;1977;43.248899;76.889832;342 466
panel;4;4;44773;1969;43.222232;76.869351;283 912
panel;1;5;50.3;1985;43.323829;76.921229;278 331
panel;3;4;43.2;1971;43.232244;76.860125;289 352
panel;1;5;32.7;1973;43.199136;76.88296;336 392
panel;3;4;44592;1972;43.229064;76.903927;321 544
panel;4;5;33.5;1986;43.205465;76.836868;283 583
panel;4;5;33.5;1986;43.205465;76.836868;283 583
panel;3;4;44592;1972;43.229064;76.903927;321 544
panel;3;5;46.2;2001;43.208639;76.883158;298 702
panel;2;5;66.3;1976;43.198085;76.873043;276 019
panel;3;5;49.1;1987;43.256181;76.88137;264 766
panel;4;5;33.7;1978;43.245747;76.892168;331 217
panel;10;12;70.2;1991;43.232381;76.954008;427 351
panel;5;5;43.3;1986;43.209743;76.872648;254 042
panel;2;4;45.1;1967;43.222298;76.871165;259 424
panel;1;5;45.2;1988;43.262037;76.931272;293 142
panel;3;5;45.1;1972;43.225635;76.865057;288 249
panel;1;4;44681;1967;43.254697;76.921121;345 395
panel;3;5;74.2;1976;43.23162;76.903379;323 451
panel;9;9;39.6;1984;43.250941;76.875963;250 000
panel;4;4;43.5;1967;43.212949;76.863332;275 863
panel;4;9;71.6;1984;43.252523;76.904017;314 246
panel;2;5;74.5;1988;43.200812;76.878604;334 229
panel;2;5;59.7;1975;43.195173;76.884532;309 883
panel;3;5;43;1983;43.23028;76.848869;286 535
panel;5;5;66.1;1974;43.197612;76.888566;257 187
panel;4;5;45;1979;43.224663;76.853046;300 889
panel;5;5;82.4;1994;43.211405;76.843183;288 835
panel;4;5;42.6;1990;43.228316;76.8327;224 003
panel;5;5;62.4;1977;43.194503;76.904825;250 241
panel;5;5;41.8;1984;43.322518;76.914644;287 082
panel;4;5;67.6;1983;43.321416;76.918291;276 628
panel;5;9;47.3;1988;43.342033;76.985162;219 874
panel;3;5;44711;1977;43.217634;76.8562;335 410
panel;3;4;41.9;1969;43.220807;76.861284;273 270
panel;2;4;45.3;1967;43.216123;76.859937;273 952
panel;3;4;50.7;1972;43.26593;76.93376;315 582
panel;3;9;41.1;1989;43.21199;76.876654;333 334
panel;4;5;58.8;1982;43.248853;76.86167;272 109
panel;4;5;31.9;1975;43.195601;76.885368;300 941
panel;5;5;64.7;1981;43.250278;76.871165;240 310
panel;3;4;44.7;1968;43.230996;76.864222;297 987
panel;5;5;33.9;1984;43.222456;76.897801;309 735
panel;5;5;49.6;1985;43.210952;76.871875;325 615
panel;5;5;42.2;1977;43.254881;76.917869;272 512
panel;3;5;65.6;1986;43.209927;76.872181;274 391
panel;1;4;44650;1970;43.254802;76.907484;343 235
panel;5;5;31.6;1977;43.196534;76.875945;360 000
panel;5;5;43.2;1975;43.237623;76.841341;266 204
panel;4;5;34;1979;43.25882;76.92608;388 236
panel;5;5;43.2;1975;43.237623;76.841341;266 204
panel;4;4;46.9;1968;43.233419;76.867572;247 335
panel;1;5;58.5;1979;43.237367;76.900406;282 052
panel;4;5;42.3;1983;43.226424;76.800423;243 499
panel;2;5;43.4;1976;43.198085;76.873043;313 365
panel;4;9;57.8;1990;43.224361;76.839266;324 867
panel;1;5;83.7;1987;43.226805;76.838377;262 844
panel;3;9;61.8;1989;43.236421;76.903855;333 334
panel;4;5;83.8;1991;43.209697;76.880867;284 010
panel;4;5;43.4;1977;43.198013;76.881272;305 312
panel;2;5;60.5;1987;43.324229;76.916414;256 199
panel;4;5;61.4;1985;43.226667;76.845204;203 584
panel;5;5;42.5;1984;43.238247;76.828316;305 883
panel;3;5;42.3;1973;43.199314;76.881864;330 970
panel;3;5;42.3;1973;43.199314;76.881864;330 970
panel;7;9;39.2;1985;43.233465;76.831451;293 368
panel;4;4;45.3;1971;43.21921;76.874777;300 221
panel;3;4;45.5;1974;43.220682;76.934578;307 693
panel;5;5;41.9;1983;43.226417;76.800423;238 664
panel;4;4;42.4;1972;43.262831;76.936725;353 774
panel;4;5;85.3;1993;43.212778;76.85134;277 281
panel;4;5;44773;1975;43.199176;76.885592;315 458
panel;1;9;71.4;1992;43.233781;76.869279;238 096
panel;2;5;44592;1984;43.239048;76.832008;334 406
panel;4;5;50.2;1990;43.226417;76.800423;258 965
panel;1;5;44.4;1974;43.24486;76.84021;286 037
panel;3;4;44773;1973;43.240611;76.898573;315 458
panel;1;5;44584;1978;43.256332;76.913054;346 321
panel;5;5;33.7;1983;43.317697;76.915318;207 716
panel;4;5;31.4;1974;43.2453;76.839769;280 255
panel;3;5;42.9;1982;43.226667;76.845204;303 031
panel;3;4;42.9;1971;43.236099;76.842752;326 341
panel;3;5;43.4;1978;43.251256;76.921525;207 374
panel;1;5;64.9;1980;43.251571;76.873214;268 105
panel;9;9;69.9;1984;43.235567;76.840093;250 358
panel;9;9;69.9;1984;43.235567;76.840093;250 358
panel;2;5;44712;1973;43.198933;76.881864;317 461
panel;5;5;83.6;1989;43.302301;76.925864;143 541
panel;4;5;42.4;1978;43.24681;76.901591;301 887
panel;3;5;67.2;1980;43.20835;76.900945;297 620
panel;6;9;40.2;1987;43.227113;76.844288;305 971
panel;4;4;42.1;1972;43.237505;76.908284;304 039
panel;8;9;61.5;2005;43.213554;76.849777;292 683
panel;3;5;56.3;1975;43.203441;76.900451;293 073
panel;2;5;33.1;1986;43.205458;76.836859;291 239
panel;5;5;43.5;1981;43.238706;76.836086;252 299
panel;3;4;44712;1970;43.221175;76.8721;307 937
panel;4;5;34.2;1984;43.223763;76.899094;321 638
panel;4;5;42.2;1989;43.352962;76.925918;189 574
panel;5;5;41.9;1990;43.228316;76.8327;248 211
panel;2;5;53.7;1992;43.227915;76.93517;353 259
panel;4;4;31.4;1972;43.210327;76.903469;318 472
panel;5;5;44712;1977;43.250448;76.923609;280 000
panel;2;5;32.3;1983;43.237649;76.828001;264 706
panel;7;8;48.3;2016;43.256364;76.931658;310 560
panel;4;4;45.6;1967;43.21586;76.863539;271 930
panel;4;4;59.2;1969;43.268326;76.940929;248 311
panel;8;9;61.1;1995;43.243435;76.885574;256 138
panel;6;8;44712;2016;43.256364;76.931658;342 858
panel;2;9;39.8;1991;43.213823;76.881352;285 428
panel;5;5;43.3;1978;43.248662;76.89383;323 326
panel;6;9;40.2;1990;43.226667;76.845204;298 508
panel;3;5;62.2;1968;43.220518;76.853594;289 390
panel;1;5;58.9;1983;43.236303;76.837443;217 318
panel;1;5;60.6;1984;43.323423;76.919405;264 027
panel;5;5;43.1;1977;43.248899;76.889832;313 226
panel;2;5;42.2;1974;43.262129;76.92731;285 285
panel;2;5;63.4;1975;43.198144;76.886015;283 912
panel;2;5;56.9;1984;43.323423;76.919405;246 046
panel;5;5;33.8;1984;43.323462;76.918579;221 894
panel;5;5;42.3;1987;43.324236;76.916414;219 859
panel;3;5;43.9;1986;43.237163;76.945627;227 791
panel;3;5;58.6;1994;43.211444;76.84524;273 038
panel;2;4;43.3;1970;43.268214;76.944001;300 231
panel;1;4;58.1;1967;43.214546;76.864293;227 660
panel;2;4;46.7;1967;43.217003;76.85911;235 547
panel;1;5;59;1976;43.225642;76.873097;262 712
panel;7;9;39.9;1984;43.247461;76.859523;266 918
panel;2;5;65.1;1980;43.251249;76.872199;287 036
panel;3;8;74;1975;43.262562;76.943651;305 541
panel;9;9;56.3;1988;43.207095;76.836203;278 864
panel;2;4;35.2;1977;43.254421;76.902184;241 478
panel;5;5;62.3;1973;43.202475;76.880544;256 822
panel;2;5;45.4;1976;43.236447;76.902678;308 371
panel;4;5;33.5;1974;43.229846;76.857008;295 523
panel;1;5;62.2;1980;43.20808;76.888925;337 621
panel;4;5;59.6;1982;43.244335;76.90293;307 047
panel;7;9;71.2;1980;43.244906;76.889482;365 169
panel;4;5;64.6;1983;43.236966;76.837353;278 638
panel;2;5;44.9;1977;43.234693;76.877804;303 742
panel;4;4;32.3;1972;43.230339;76.893569;284 830
panel;3;5;66.1;1977;43.26228;76.923735;272 103
panel;3;4;43;1970;43.221924;76.873124;275 349
panel;6;12;65.9;1998;43.239527;76.827301;235 205
panel;5;5;54.2;1979;43.251932;76.883068;261 993
panel;3;5;59.3;1975;43.195949;76.882844;278 247
panel;2;4;46.7;1972;43.383573;76.860826;277 088
panel;5;5;62.2;1985;43.327607;76.922693;241 158
panel;8;9;36.1;1980;43.254421;76.902184;277 009
panel;5;5;57.2;1985;43.320681;76.918228;227 273
panel;4;5;58;1968;43.270991;76.946804;232 759
panel;3;4;45.2;1968;43.224269;76.874795;232 301
panel;3;5;61.9;1976;43.199419;76.872567;274 637
panel;1;5;84;1989;43.228611;76.889186;288 096
panel;3;5;44.5;1975;43.196139;76.88623;298 877
panel;1;5;33;1979;43.248623;76.861131;287 879
panel;4;5;58.4;1984;43.238247;76.828316;248 288
panel;8;9;39.9;1988;43.23204;76.839931;288 221
panel;4;5;67;1981;43.249161;76.856379;201 493
panel;2;5;45.2;1974;43.261256;76.920995;307 531
panel;1;5;44650;1978;43.215426;76.901403;323 433
panel;3;5;55.9;1974;43.180515;76.84877;384 616
panel;1;4;61.4;1970;43.228026;76.925837;252 443
panel;4;5;43.1;1986;43.204597;76.837209;324 826
panel;3;5;51.5;1987;43.226772;76.842383;310 680
panel;3;4;46.7;1967;43.216556;76.861015;241 971
panel;4;5;43.3;1977;43.210334;76.903469;183 206
panel;3;4;45.6;1968;43.231882;76.844216;276 316
panel;4;4;58.5;1972;43.227534;76.919666;316 240
panel;9;9;56.3;1984;43.239514;76.838377;246 892
panel;6;9;92.9;1990;43.222541;76.83791;333 693
panel;9;9;56.3;1984;43.239514;76.838377;246 892
panel;2;4;31.4;1975;43.218724;76.864042;296 179
panel;2;5;43.1;1974;43.219578;76.874525;264 502
panel;5;5;45.1;1974;43.229846;76.857008;232 816
panel;6;8;70.8;1975;43.227343;76.925873;336 399
panel;5;5;42.9;1980;43.208941;76.900379;300 700
panel;3;4;31.4;1971;43.23158;76.843461;302 548
panel;4;5;59.4;1983;43.226424;76.800423;249 159
panel;2;5;51.1;1990;43.235363;76.823959;264 188
panel;2;5;51.1;1990;43.235363;76.823959;264 188
panel;4;4;33.5;1968;43.233419;76.867572;292 538
panel;1;5;43.3;1989;43.228526;76.888207;272 518
panel;2;9;74.6;1986;43.254421;76.902184;335 121
panel;2;4;61.7;1972;43.255051;76.909712;226 905
panel;2;5;75.9;1997;43.231541;76.837928;262 188
panel;3;5;52.3;1988;43.302832;76.926511;267 687
panel;3;5;69.4;1993;43.211142;76.844252;296 830
panel;4;4;45.3;1969;43.220124;76.861715;238 411
panel;5;5;44.5;1972;43.267164;76.951789;345 048
panel;3;9;41.4;1994;43.220406;76.847621;289 856
panel;5;8;69.7;1975;43.263324;76.943561;286 945
panel;4;5;55.7;1977;43.246653;76.890749;296 230
